"seqnames","start","end","width","strand","Fold","FDR","annotation","geneChr","geneStart","geneEnd","geneLength","geneStrand","geneId","transcriptId","distanceToTSS","ENSEMBL","SYMBOL","GENENAME","orientation"
"chr2",108469696,108472064,2369,"+",-1.16506552457202,0.000444294743061074,"Promoter",2,108471814,108475394,3581,1,"9648","ENST00000462897.2",0,"ENSG00000135968","GCC2","GRIP and coiled-coil domain containing 2","sense"
"chr18",9954054,9954825,772,"+",-1.21538029024023,0.000695397331359318,"3' UTR",18,9936727,9954477,17751,1,"9218","ENST00000583475.1",17327,"ENSG00000101558","VAPA","VAMP associated protein A","sense"
"chr12",54284709,54285005,297,"+",-1.2328101164125,0.000775223457515096,"Promoter",12,54284709,54286732,2024,1,"3178","ENST00000678687.1",0,"ENSG00000135486","HNRNPA1","heterogeneous nuclear ribonucleoprotein A1","sense"
"chr2",151463070,151466004,2935,"+",-0.939640526779945,0.000869048288028072,"Promoter",2,151464700,151508013,43314,1,"55183","ENST00000454583.6",0,"ENSG00000080345","RIF1","replication timing regulatory factor 1","sense"
"chr6",36601990,36602697,708,"+",-1.16500676112645,0.00115317747818475,"3' UTR",6,36599438,36602776,3339,1,"6428","ENST00000620389.1",2552,"ENSG00000112081","SRSF3","serine and arginine rich splicing factor 3","sense"
"chr5",71509477,71511069,1593,"+",-0.92353091829343,0.00123233962138853,"Exon (ENST00000358731.9/55814, exon 17 of 39)",5,71522793,71567820,45028,1,"55814","ENST00000514903.7",-11724,"ENSG00000145734","BDP1","BDP1 general transcription factor IIIB subunit","sense"
"chr15",44561018,44561976,959,"+",-1.1549956614409,0.0013518762220851,"3' UTR",15,44557505,44563029,5525,1,"8669","ENST00000558353.1",3513,"ENSG00000104131","EIF3J","eukaryotic translation initiation factor 3 subunit J","sense"
"chr17",50750520,50752355,1836,"+",-1.14680176449273,0.00170419397435366,"Promoter",17,50751051,50752550,1500,1,"51747","ENST00000503798.1",0,"ENSG00000108848","LUC7L3","LUC7 like 3 pre-mRNA splicing factor","sense"
"chr2",65268592,65270766,2175,"+",-1.08483811483656,0.00231113894152113,"3' UTR",2,65227837,65270146,42310,1,"10097","ENST00000377982.8",40755,"ENSG00000138071","ACTR2","actin related protein 2","sense"
"chr15",59768395,59769165,771,"+",-0.861986246396261,0.00330522556974742,"Exon (ENST00000484430.1/ENST00000484430.1, exon 1 of 1)",15,59677813,59689339,11527,2,"663","ENST00000560458.5",-79056,"ENSG00000140299","BNIP2","BCL2 interacting protein 2","antisense"
"chr1",173487208,173488775,1568,"+",-0.897296070197917,0.00355087630933888,"3' UTR",1,173417874,173489402,71529,2,"101928673","ENST00000778745.1",627,"ENSG00000203739","PRDX6-AS1","PRDX6 antisense RNA 1","antisense"
"chr15",99257631,99258639,1009,"+",-0.970401878485711,0.00357168281541134,"Promoter",15,99257632,99260015,2384,1,"7190","ENST00000559111.1",0,"ENSG00000259706","HSP90B2P","heat shock protein 90 beta family member 2, pseudogene","sense"
"chr3",75214571,75215752,1182,"+",-0.826641129282621,0.00371335652650338,"Promoter",3,75214476,75214549,74,1,"100846999","ENST00000584390.1",95,"ENSG00000266780","MIR4444-2","microRNA 4444-2","sense"
"chr3",133587287,133590041,2755,"+",-0.990055530420882,0.00482294650492494,"3' UTR",3,133574648,133589162,14515,1,"55573","ENST00000515421.1",12639,"ENSG00000091527","CDV3","CDV3 homolog","sense"
"chr9",99967855,99971595,3741,"+",-1.04376294892259,0.00578665140310576,"3' UTR",9,99967270,99968821,1552,1,"55014","ENST00000529385.1",585,"ENSG00000136874","STX17","syntaxin 17","sense"
"chr2",99361147,99361825,679,"+",-0.944099087218652,0.00603839744178392,"Exon (ENST00000289371.11/9669, exon 4 of 24)",2,99322111,99340702,18592,2,"10190","ENST00000409705.5",-20445,"ENSG00000115514","TXNDC9","thioredoxin domain containing 9","antisense"
"chr8",26410374,26411639,1266,"+",-1.03559762345149,0.00608394971929815,"3' UTR",8,26395617,26410519,14903,1,"665","ENST00000521254.1",14757,"ENSG00000104765","BNIP3L","BCL2 interacting protein 3 like","sense"
"chr1",214638636,214650140,11505,"+",-0.59208387702234,0.00629551428927777,"Promoter",1,214648675,214654419,5745,1,"1063","ENST00000467765.1",0,"ENSG00000117724","CENPF","centromere protein F","sense"
"chr12",27755184,27756199,1016,"+",-1.01779840959245,0.00711507036495574,"3' UTR",12,27780048,27798156,18109,1,"57542","ENST00000539176.1",-23849,"ENSG00000087448","KLHL42","kelch like family member 42","sense"
"chr7",32832588,32835578,2991,"+",-0.796886278486414,0.00748717517247456,"Exon (ENST00000720420.1/102724668, exon 2 of 3)",7,32814993,32838742,23750,1,"102724668","ENST00000720427.1",17595,NA,"DPY19L1P2","DPY19L1 pseudogene 2","sense"
"chr8",97851443,97852554,1112,"+",-0.855646388262601,0.00867223177746004,"3' UTR",8,97868840,98035978,167139,1,"4147","ENST00000521689.5",-16286,"ENSG00000132561","MATN2","matrilin 2","sense"
"chr10",68959270,68960249,980,"+",-0.726443756875489,0.00886848966551953,"Promoter",10,68959806,68983683,23878,1,"9188","ENST00000685513.1",0,"ENSG00000165732","DDX21","DExD-box helicase 21","sense"
"chr20",44905955,44908416,2462,"+",-0.880104718853188,0.00897176865790552,"3' UTR",20,44910060,44939316,29257,1,"80336","ENST00000217073.7",-1644,"ENSG00000101104","PABPC1L","poly(A) binding protein cytoplasmic 1 like","sense"
"chr1",171539965,171542233,2269,"+",-0.694177712691736,0.00923303650475737,"Promoter",1,171541830,171593511,51682,1,"23215","ENST00000495585.1",0,"ENSG00000117523","PRRC2C","proline rich coiled-coil 2C","sense"
"chr1",44777621,44778739,1119,"+",-0.810321794630248,0.00958253056583689,"Promoter",1,44777903,44778739,837,1,"6202","ENST00000474582.1",0,"ENSG00000142937","RPS8","ribosomal protein S8","sense"
"chr1",231564542,231564850,309,"+",-0.94857927938045,0.00975559939953224,"Exon (ENST00000366639.9/7257, exon 6 of 6)",1,231534120,231566524,32405,1,"7257","ENST00000475168.1",30422,"ENSG00000116918","TSNAX","translin associated factor X","sense"
"chr4",78910621,78916246,5626,"+",-0.752427323014609,0.0100589012264559,"3' UTR",4,78915198,78926604,11407,2,"152559","ENST00000503343.5",10358,"ENSG00000163291","PAQR3","progestin and adipoQ receptor family member 3","antisense"
"chr2",241351012,241353963,2952,"+",-0.885643002341699,0.0104358884431486,"3' UTR",2,241350087,241352626,2540,1,"4735","ENST00000451310.1",925,"ENSG00000168385","SEPTIN2","septin 2","sense"
"chr8",90350758,90353106,2349,"+",-0.944243468179355,0.0109656351857001,"Exon (ENST00000523406.2/100874052, exon 3 of 4)",8,90294935,90322078,27144,2,"124901975","ENST00000735398.1",-28680,NA,"LOC124901975","uncharacterized LOC124901975","antisense"
"chr12",53479405,53480495,1091,"+",-0.971267414735857,0.011130419977033,"3' UTR",12,53481122,53482587,1466,2,"7786","ENST00000551511.5",2092,"ENSG00000139625","MAP3K12","mitogen-activated protein kinase kinase kinase 12","antisense"
"chr6",147363330,147363679,350,"+",-0.963598384637279,0.0119680562130858,"3' UTR",6,147362461,147391010,28550,1,"134957","ENST00000706864.1",869,"ENSG00000164506","STXBP5","syntaxin binding protein 5","sense"
"chr1",225128301,225130486,2186,"+",-0.721050636654723,0.0140237493141525,"Intron (ENST00000445597.6/127602, intron 16 of 60)",1,225117971,225145379,27409,1,"127602","ENST00000495456.1",10330,"ENSG00000185842","DNAH14","dynein axonemal heavy chain 14","sense"
"chr6",147291976,147300847,8872,"+",-0.611331846445995,0.0148091027178316,"3' UTR",6,147314326,147339507,25182,1,"134957","ENST00000706857.1",-13479,"ENSG00000164506","STXBP5","syntaxin binding protein 5","sense"
"chr19",28606749,28615337,8589,"+",-0.525927173416081,0.0152365798502356,"Promoter",19,28607127,28612977,5851,1,"102724908","ENST00000656648.1",0,"ENSG00000266976","ERVE-5","endogenous retrovirus group E member 5","sense"
"chr5",131333052,131333599,548,"+",-0.750331888641809,0.0163334782671668,"Intron (ENST00000502840.5/56990, intron 3 of 3)",5,131385606,131398446,12841,1,"56990","ENST00000502582.1",-52007,"ENSG00000158985","CDC42SE2","CDC42 small effector 2","sense"
"chr10",70421741,70424228,2488,"+",-0.761190058087203,0.0164507015675356,"3' UTR",10,70431936,70441681,9746,2,"4838","ENST00000287139.8",17453,"ENSG00000156574","NODAL","nodal growth differentiation factor","antisense"
"chr2",200571238,200573779,2542,"+",-0.927727895024275,0.0167007659640537,"Exon (ENST00000357799.9/151246, exon 7 of 9)",2,200586014,200671495,85482,1,"316","ENST00000374700.7",-12235,"ENSG00000138356","AOX1","aldehyde oxidase 1","sense"
"chr10",84152278,84153359,1082,"+",-0.865307914645227,0.0167007659640537,"3' UTR",10,84139813,84154841,15029,1,"27069","ENST00000690283.1",12465,"ENSG00000165678","GHITM","growth hormone inducible transmembrane protein","sense"
"chrX",107131669,107132101,433,"+",-0.914456988680906,0.0168665152308237,"Exon (ENST00000399148.3/ENST00000399148.3, exon 1 of 1)",23,107066300,107118823,52524,2,"55285","ENST00000495517.5",-12846,"ENSG00000089682","RBM41","RNA binding motif protein 41","antisense"
"chr9",37086740,37088521,1782,"+",-0.91853034144793,0.0172036026850061,"Exon (ENST00000816407.1/100506710, exon 2 of 2)",9,37081595,37087995,6401,1,"100506710","ENST00000656730.1",5145,"ENSG00000281649","EBLN3P","endogenous Bornavirus like nucleoprotein 3, pseudogene","sense"
"chr1",157709118,157710375,1258,"+",-0.88845286217926,0.0185057894445383,"Exon (ENST00000435919.2/ENST00000435919.2, exon 1 of 1)",1,157676481,157700769,24289,2,"115352","ENST00000368184.8",-8349,"ENSG00000160856","FCRL3","Fc receptor like 3","antisense"
"chr6",89721258,89721748,491,"+",-0.88561181751299,0.0192656862814452,"Exon (ENST00000843838.1/ENST00000843838.1, exon 1 of 2)",6,89729707,89733409,3703,2,"23195","ENST00000700653.1",11661,"ENSG00000112159","MDN1","midasin AAA ATPase 1","antisense"
"chr7",106907965,106908563,599,"+",-0.849305160009936,0.0196661844999258,"3' UTR",7,106882164,106882936,773,1,"5294","ENST00000466738.1",25801,"ENSG00000105851","PIK3CG","phosphatidylinositol-4,5-bisphosphate 3-kinase catalytic subunit gamma","sense"
"chr19",30012297,30013183,887,"+",-0.886507760847459,0.019667606776641,"Promoter",19,30012423,30015026,2604,1,"8725","ENST00000573052.1",0,"ENSG00000105176","URI1","URI1 prefoldin like chaperone","sense"
"chr5",113015387,113016367,981,"+",-0.897782137975232,0.019667606776641,"3' UTR",5,113001126,113008307,7182,1,"167227","ENST00000508359.1",14261,"ENSG00000172795","DCP2","decapping mRNA 2","sense"
"chrX",137005463,137007964,2502,"+",-0.689021177361068,0.0199298630414745,"Intron (ENST00000686432.2/ENST00000686432.2, intron 2 of 2)",23,137023929,137033995,10067,2,"83550","ENST00000651716.2",26031,"ENSG00000165370","GPR101","G protein-coupled receptor 101","antisense"
"chr1",174145266,174147751,2486,"+",-0.684482481248427,0.0200341821094297,"Intron (ENST00000791687.1/ENST00000791687.1, intron 1 of 1)",1,174154190,174158992,4803,2,"102724601","ENST00000656058.1",11241,"ENSG00000227373","RABGAP1L-DT","RABGAP1L divergent transcript","antisense"
"chr17",59694266,59694669,404,"+",-0.896624409728209,0.0204718970453241,"3' UTR",17,59689156,59695112,5957,1,"1213","ENST00000498711.1",5110,"ENSG00000141367","CLTC","clathrin heavy chain","sense"
"chr6",63684210,63685796,1587,"+",-0.836335306088933,0.0210454627293248,"5' UTR",6,63679685,63684245,4561,1,"23469","ENST00000514822.1",4525,"ENSG00000118482","PHF3","PHD finger protein 3","sense"
"chr3",5178722,5181126,2405,"+",-0.797421143415139,0.0211126184097718,"3' UTR",3,5174253,5178708,4456,1,"55207","ENST00000476343.1",4469,"ENSG00000134108","ARL8B","ARF like GTPase 8B","sense"
"chr1",22091462,22093045,1584,"+",-0.866526213332038,0.0230227730379257,"3' UTR",1,22078470,22087263,8794,1,"998","ENST00000695863.1",12992,"ENSG00000070831","CDC42","cell division cycle 42","sense"
"chr1",236547664,236551814,4151,"+",-0.856179881659811,0.0234568070064109,"3' UTR",1,236543296,236545201,1906,1,"3964","ENST00000525789.1",4368,"ENSG00000116977","LGALS8","galectin 8","sense"
"chr2",28800075,28800768,694,"+",-0.882612169326315,0.0236820922157515,"3' UTR",2,28810819,28850611,39793,1,"245711","ENST00000379579.8",-10051,"ENSG00000163806","SPDYA","speedy/RINGO cell cycle regulator family member A","sense"
"chr12",53413608,53416113,2506,"+",-0.846630012461395,0.0239017782134776,"3' UTR",12,53423855,53431672,7818,1,"269","ENST00000257863.9",-7742,"ENSG00000135409","AMHR2","anti-Mullerian hormone receptor type 2","sense"
"chr12",124011561,124015075,3515,"+",-0.663072806748772,0.0249414103186154,"5' UTR",12,123997706,124011824,14119,1,"144348","ENST00000539501.1",13855,"ENSG00000179195","ZNF664","zinc finger protein 664","sense"
"chr12",123596627,123597757,1131,"+",-0.848349087300088,0.0256588981966515,"3' UTR",12,123575892,123602035,26144,2,"124903042","ENST00000793071.1",4278,NA,"LOC124903042","uncharacterized LOC124903042","antisense"
"chr18",9949993,9950569,577,"+",-0.869329547151375,0.0261519934426002,"Exon (ENST00000400000.7/9218, exon 5 of 6)",18,9936727,9954477,17751,1,"9218","ENST00000583475.1",13266,"ENSG00000101558","VAPA","VAMP associated protein A","sense"
"chr3",14198038,14198314,277,"+",-0.866459816043763,0.0267917470505445,"3' UTR",3,14178817,14201122,22306,1,"27258","ENST00000306024.4",19221,"ENSG00000170860","LSM3","LSM3 homolog, U6 small nuclear RNA and mRNA degradation associated","sense"
"chr2",74214101,74214845,745,"+",-0.798216016018217,0.026874245374076,"5' UTR",2,74212075,74215282,3208,1,"10797","ENST00000678633.1",2026,"ENSG00000065911","MTHFD2","methylenetetrahydrofolate dehydrogenase (NADP+ dependent) 2, methenyltetrahydrofolate cyclohydrolase","sense"
"chr7",12687761,12690322,2562,"+",-0.864397492631706,0.0272084691180021,"Promoter",7,12687635,12688914,1280,1,"10124","ENST00000404894.1",126,"ENSG00000122644","ARL4A","ARF like GTPase 4A","sense"
"chr13",38360852,38362592,1741,"+",-0.836650497268102,0.0272084691180021,"3' UTR",13,38059484,38350284,290801,2,"100874188","ENST00000839424.1",-10568,"ENSG00000223685","LINC00571","long intergenic non-protein coding RNA 571","antisense"
"chr3",160415959,160416420,462,"+",-0.848154716380638,0.0277477209151895,"3' UTR",3,160417624,160419502,1879,1,"10051","ENST00000484799.1",-1204,"ENSG00000113810","SMC4","structural maintenance of chromosomes 4","sense"
"chrX",33041327,33041762,436,"+",-0.774194887349679,0.0279932254266043,"Exon (ENST00000436520.1/ENST00000436520.1, exon 1 of 1)",23,31119228,33128360,2009133,2,"1756","ENST00000378677.6",86598,"ENSG00000198947","DMD","dystrophin","antisense"
"chr14",69770645,69771675,1031,"+",-0.847826613444711,0.0298002099269764,"Promoter",14,69770881,69771915,1035,1,"6430","ENST00000554929.1",0,"ENSG00000100650","SRSF5","serine and arginine rich splicing factor 5","sense"
"chr10",78034288,78035799,1512,"+",-0.780981204311884,0.0309874743386699,"Promoter",10,78035566,78040697,5132,1,"6229","ENST00000645195.1",0,"ENSG00000138326","RPS24","ribosomal protein S24","sense"
"chr2",170631767,170635375,3609,"+",-0.668663727754472,0.0312585626399393,"Intron (ENST00000438642.6/140469, intron 33 of 33)",2,170640374,170695374,55001,2,"100130256","ENST00000428156.1",59999,NA,"LOC100130256","uncharacterized LOC100130256","antisense"
"chr3",158176011,158177555,1545,"+",-0.626102749018159,0.0313071887968654,"Intron (ENST00000480820.5/51319, intron 3 of 9)",3,158203138,158303575,100438,1,"51319","ENST00000496268.1",-25583,"ENSG00000174891","RSRC1","arginine and serine rich coiled-coil 1","sense"
"chrX",64044609,64045377,769,"+",-0.830436564269666,0.0318701959619104,"Exon (ENST00000439535.1/ENST00000439535.1, exon 1 of 1)",23,64185117,64205708,20592,2,"139285","ENST00000374869.8",160331,"ENSG00000184675","AMER1","APC membrane recruitment protein 1","antisense"
"chr17",18650489,18651524,1036,"+",-0.828268172744261,0.0319850220972493,"Exon (ENST00000447794.1/ENST00000447794.1, exon 1 of 1)",17,18641306,18644427,3122,2,"254272","ENST00000573652.1",-6062,"ENSG00000189375","TBC1D28","TBC1 domain family member 28","antisense"
"chr6",135218956,135219563,608,"+",-0.837620163622106,0.0329267384612983,"3' UTR",6,135203217,135203950,734,1,"4602","ENST00000529297.1",15739,"ENSG00000118513","MYB","MYB proto-oncogene, transcription factor","sense"
"chr1",24842857,24843361,505,"+",-0.814205245529899,0.0332381063170107,"3' UTR",1,24857305,24863526,6222,1,"105376876","ENST00000718644.1",-13944,NA,"LOC105376876","uncharacterized LOC105376876","sense"
"chrX",13319198,13321448,2251,"+",-0.753853400127037,0.0339340139087623,"Promoter",23,13318647,13320053,1407,2,"92552","ENST00000380622.5",0,"ENSG00000123594","ATXN3L","ataxin 3 like","antisense"
"chr3",179624116,179624414,299,"+",-0.792016938673953,0.0346295726951685,"3' UTR",3,179625917,179682003,56087,1,"8975","ENST00000680407.1",-1503,"ENSG00000058056","USP13","ubiquitin specific peptidase 13","sense"
"chr19",36236411,36238433,2023,"+",-0.74211158110948,0.0348773349856899,"5' UTR",19,36182294,36246257,63964,2,"147929","ENST00000355114.9",7824,"ENSG00000196357","ZNF565","zinc finger protein 565","antisense"
"chr5",34937332,34937639,308,"+",-0.800624472912373,0.0357532804453841,"3' UTR",5,34938805,34955806,17002,1,"134218","ENST00000698659.1",-1166,"ENSG00000168724","DNAJC21","DnaJ heat shock protein family (Hsp40) member C21","sense"
"chr12",11334442,11339959,5518,"+",-0.760632768409304,0.0363460299050256,"Distal Intergenic",12,11351823,11355586,3764,2,"5542","ENST00000545626.5",15627,"ENSG00000251655","PRB1","proline rich protein BstNI subfamily 1","antisense"
"chr5",54444892,54445299,408,"+",-0.645190545446423,0.0367528878383779,"Distal Intergenic",5,54455699,54456377,679,1,"8988","ENST00000302005.3",-10400,"ENSG00000169271","HSPB3","heat shock protein family B (small) member 3","sense"
"chr22",40326541,40328138,1598,"+",-0.802787369987284,0.036808822941132,"3' UTR",22,40346461,40366614,20154,1,"158","ENST00000623632.4",-18323,"ENSG00000239900","ADSL","adenylosuccinate lyase","sense"
"chr5",43343920,43345596,1677,"+",-0.799878129968288,0.0368292941412098,"Intron (ENST00000781038.1/ENST00000781038.1, intron 1 of 2)",5,43289395,43313512,24118,2,"3157","ENST00000433297.2",-30408,"ENSG00000112972","HMGCS1","3-hydroxy-3-methylglutaryl-CoA synthase 1","antisense"
"chr6",147337825,147338433,609,"+",-0.803733061097552,0.0379209451658599,"Intron (ENST00000706849.1/134957, intron 19 of 26)",6,147327201,147363608,36408,1,"134957","ENST00000392291.2",10624,"ENSG00000164506","STXBP5","syntaxin binding protein 5","sense"
"chr15",65887708,65889188,1481,"+",-0.773906964754548,0.0380140756245456,"3' UTR",15,65870013,65887791,17779,1,"8766","ENST00000567671.1",17695,"ENSG00000103769","RAB11A","RAB11A, member RAS oncogene family","sense"
"chr1",117402188,117402444,257,"+",-0.817480296156408,0.0384782409793155,"Exon (ENST00000356554.7/10905, exon 2 of 13)",1,117420597,117515939,95343,1,"10905","ENST00000449370.6",-18153,"ENSG00000198162","MAN1A2","mannosidase alpha class 1A member 2","sense"
"chr10",96156531,96161244,4714,"+",-0.756671790673556,0.0387259747782497,"3' UTR",10,96156013,96204129,48117,1,"9849","ENST00000442635.2",518,"ENSG00000177853","ZNF518A","zinc finger protein 518A","sense"
"chr2",169636090,169637521,1432,"+",-0.671032010675433,0.0390945618871272,"3' UTR",2,169631437,169636241,4805,1,"9360","ENST00000466142.1",4653,"ENSG00000138398","PPIG","peptidylprolyl isomerase G","sense"
"chr10",69170486,69171411,926,"+",-0.770773213559955,0.0399905258651881,"Promoter",10,69170034,69171277,1244,1,"9559","ENST00000497022.1",452,"ENSG00000122958","VPS26A","VPS26 retromer complex component A","sense"
"chr5",10379580,10379747,168,"+",-0.708930376248572,0.0400421630650169,"Intron (ENST00000274140.10/10299, intron 3 of 25)",5,10386925,10390500,3576,1,"10299","ENST00000506131.1",-7178,"ENSG00000145495","MARCHF6","membrane associated ring-CH-type finger 6","sense"
"chr18",13048586,13049887,1302,"+",-0.806855148675302,0.0401408296630993,"3' UTR",18,13056631,13059213,2583,1,"55125","ENST00000585938.1",-6744,"ENSG00000101639","CEP192","centrosomal protein 192","sense"
"chr2",30158635,30160462,1828,"+",-0.787390220536091,0.0411128908141315,"3' UTR",2,30156378,30159138,2761,1,"51646","ENST00000495673.1",2257,"ENSG00000119801","YPEL5","yippee like 5","sense"
"chr5",66078452,66080016,1565,"+",-0.802514340337402,0.0419970547392124,"3' UTR",5,66074085,66080465,6381,1,"55914","ENST00000505822.2",4367,"ENSG00000112851","ERBIN","erbb2 interacting protein","sense"
"chr2",113957364,113958210,847,"+",-0.802552417375203,0.0425011872949529,"3' UTR",2,113950824,113958589,7766,1,"10096","ENST00000478928.1",6540,"ENSG00000115091","ACTR3","actin related protein 3","sense"
"chr1",184072830,184074146,1317,"+",-0.794330111224933,0.0427637807647228,"3' UTR",1,184054361,184055069,709,1,"116461","ENST00000457455.1",18469,"ENSG00000198860","TSEN15","tRNA splicing endonuclease subunit 15","sense"
"chr2",190199726,190201173,1448,"+",-0.77331897052251,0.0432407854102704,"5' UTR",2,190189735,190205232,15498,2,"26275","ENST00000399855.2",4059,"ENSG00000198130","HIBCH","3-hydroxyisobutyryl-CoA hydrolase","antisense"
"chr1",40071467,40072579,1113,"+",-0.762203623506193,0.0437535641382663,"3' UTR",1,40070470,40071683,1214,1,"10487","ENST00000494114.1",997,"ENSG00000131236","CAP1","cyclase associated actin cytoskeleton regulatory protein 1","sense"
"chr6",87255096,87261703,6608,"+",-0.658169110627962,0.0439469219812023,"3' UTR",6,87233427,87258771,25345,1,"23036","ENST00000699991.1",21669,"ENSG00000188994","ZNF292","zinc finger protein 292","sense"
"chr2",135782758,135784953,2196,"+",-0.793557069406621,0.0447860027683384,"3' UTR",2,135772447,135780221,7775,1,"23190","ENST00000471246.1",10311,"ENSG00000144224","UBXN4","UBX domain protein 4","sense"
"chrX",13308186,13317458,9273,"+",-0.515449440308148,0.0460949308566126,"Promoter",23,13310652,13319933,9282,1,"100093698","ENST00000431486.1",0,"ENSG00000231216","GS1-600G8.3","unknown transcript","sense"
"chr9",107329580,107330832,1253,"+",-0.792763996189146,0.0461081568730844,"3' UTR",9,107306542,107332189,25648,1,"5887","ENST00000457811.1",23038,"ENSG00000119318","RAD23B","RAD23 nucleotide excision repair protein B","sense"
"chr6",147365858,147367017,1160,"+",-0.791040776700135,0.0466302147522977,"Intron (ENST00000706849.1/134957, intron 23 of 26)",6,147362461,147391010,28550,1,"134957","ENST00000706864.1",3397,"ENSG00000164506","STXBP5","syntaxin binding protein 5","sense"
"chrX",21994506,21994790,285,"+",-0.759104743718297,0.0473280894906655,"3' UTR",23,22032325,22251310,218986,1,"5251","ENST00000379374.5",-37535,"ENSG00000102174","PHEX","phosphate regulating endopeptidase X-linked","sense"
"chr21",37083492,37084311,820,"+",-0.788762892762523,0.0475201608120845,"Promoter",21,37083626,37093402,9777,1,"7267","ENST00000484047.5",0,"ENSG00000182670","TTC3","tetratricopeptide repeat domain 3","sense"
"chr22",30969305,30973937,4633,"+",-0.632588769098056,0.0479297094744763,"Promoter",22,30969472,30978848,9377,1,"55000","ENST00000519077.4",0,"ENSG00000253352","TUG1","taurine up-regulated 1","sense"
"chr1",147178170,147179646,1477,"+",-0.567617844670682,0.0481899731499869,"Promoter",1,147178113,147179622,1510,1,"171423","ENST00000471856.1",57,NA,"PDIA3P1","protein disulfide isomerase family A member 3 pseudogene 1","sense"
"chr5",72880615,72881299,685,"+",-0.614668969470581,0.0484727314255417,"Intron (ENST00000680533.1/3842, intron 9 of 23)",5,72878591,72878663,73,1,"100616152","ENST00000581683.1",2024,"ENSG00000263593","MIR4804","microRNA 4804","sense"
"chr3",37323642,37327827,4186,"+",-0.769618714044253,0.0484891466897952,"Promoter",3,37327765,37329339,1575,1,"2803","ENST00000498250.1",0,"ENSG00000144674","GOLGA4","golgin A4","sense"
"chr8",52656059,52657898,1840,"-",-1.32421479454105,2.39968314251557e-05,"3' UTR",8,52657885,52661570,3686,2,"9821","ENST00000523594.1",5511,"ENSG00000023287","RB1CC1","RB1 inducible coiled-coil 1","sense"
"chr5",93682964,93683752,789,"-",-0.807553728226212,0.000126475312918539,"Exon (ENST00000502784.2/ENST00000502784.2, exon 1 of 1)",5,93733220,93741600,8381,2,"134187","ENST00000606183.4",58636,"ENSG00000248483","POU5F2","POU domain class 5, transcription factor 2","sense"
"chrX",136984199,136985726,1528,"-",-1.36775631872942,0.000167231117744091,"Exon (ENST00000759437.1/ENST00000759437.1, exon 2 of 2)",23,137023929,137033995,10067,2,"83550","ENST00000651716.2",49796,"ENSG00000165370","GPR101","G protein-coupled receptor 101","sense"
"chr22",22284917,22287737,2821,"-",-1.07476911105001,0.000250601382009243,"Exon (ENST00000610778.1/ENST00000610778.1, exon 1 of 1)",22,22298124,22329122,30999,1,"96610","ENST00000652112.1",-13207,NA,"BMS1P20","BMS1 pseudogene 20","antisense"
"chr1",51840221,51840501,281,"-",-0.955529532048383,0.000279609944342018,"Promoter",1,51789212,51840454,51243,2,"4898","ENST00000485608.5",0,"ENSG00000078618","NRDC","nardilysin convertase","sense"
"chr8",96230973,96231942,970,"-",-1.25316399013026,0.000708107082476643,"5' UTR",8,96230939,96233219,2281,2,"7381","ENST00000517523.1",2246,"ENSG00000156467","UQCRB","ubiquinol-cytochrome c reductase binding protein","sense"
"chr1",244850775,244856862,6088,"-",-0.834336833927367,0.00155643861076632,"Promoter",1,244840638,244856057,15420,2,"3192","ENST00000475997.6",0,"ENSG00000153187","HNRNPU","heterogeneous nuclear ribonucleoprotein U","sense"
"chr1",31906088,31908951,2864,"-",-0.892001673240588,0.00172977099690275,"3' UTR",1,31908653,31911280,2628,2,"8073","ENST00000489313.1",5192,"ENSG00000184007","PTP4A2","protein tyrosine phosphatase 4A2","sense"
"chr1",235109353,235111706,2354,"-",-0.836243626002977,0.0019043804100872,"3' UTR",1,235112025,235119899,7875,2,"9804","ENST00000467767.5",10546,"ENSG00000173726","TOMM20","translocase of outer mitochondrial membrane 20","sense"
"chr5",179617835,179622465,4631,"-",-0.793526042132287,0.00197014183677829,"Promoter",5,179614179,179618899,4721,2,"3187","ENST00000502904.5",0,"ENSG00000169045","HNRNPH1","heterogeneous nuclear ribonucleoprotein H1","sense"
"chrX",76334846,76335876,1031,"-",-0.942099790238636,0.00202409354028211,"Exon (ENST00000456969.2/ENST00000456969.2, exon 1 of 1)",23,76427710,76431342,3633,1,"57692","ENST00000361470.4",-92864,"ENSG00000198934","MAGEE1","MAGE family member E1","antisense"
"chr9",83971842,83972206,365,"-",-0.951670161608049,0.00326978560323732,"3' UTR",9,83969496,83971294,1799,2,"3190","ENST00000481820.6",-912,"ENSG00000165119","HNRNPK","heterogeneous nuclear ribonucleoprotein K","sense"
"chr20",50891234,50892154,921,"-",-0.965380642985039,0.00331386198993369,"3' UTR",20,50888916,50905558,16643,2,"23394","ENST00000371602.9",14324,"ENSG00000101126","ADNP","activity dependent neuroprotector homeobox","sense"
"chr11",77700752,77702486,1735,"-",-0.966995062283331,0.00334694968049102,"Promoter",11,77690966,77700761,9796,2,"51773","ENST00000531768.1",0,"ENSG00000048649","RSF1","remodeling and spacing factor 1","sense"
"chr1",241629167,241635900,6734,"-",-0.88466733047268,0.00379335445588548,"5' UTR",1,241635770,241639249,3480,2,"1122","ENST00000636025.1",10082,"ENSG00000203668","CHML","CHM like Rab escort protein","sense"
"chrX",63462558,63465107,2550,"-",-0.798915345306437,0.00430262181226099,"Intron (ENST00000667050.1/105377212, intron 2 of 5)",23,63426558,63434406,7849,2,"92249","ENST00000761755.1",-30701,"ENSG00000235437","LINC01278","long intergenic non-protein coding RNA 1278","sense"
"chr4",39307607,39309031,1425,"-",-0.975654667091619,0.00431839426711844,"Exon (ENST00000349703.7/5981, exon 13 of 25)",4,39306634,39312772,6139,2,"5981","ENST00000502706.1",5165,"ENSG00000035928","RFC1","replication factor C subunit 1","sense"
"chr15",51498787,51500154,1368,"-",-0.965725252214859,0.00498103482503275,"Exon (ENST00000561007.1/ENST00000561007.1, exon 6 of 6)",15,51457447,51471350,13904,2,"23312","ENST00000559498.1",-28804,"ENSG00000104093","DMXL2","Dmx like 2","sense"
"chr6",38676039,38677300,1262,"-",-0.997252086452857,0.00549740307653378,"3' UTR",6,38675943,38683215,7273,2,"2739","ENST00000470973.1",7176,"ENSG00000124767","GLO1","glyoxalase I","sense"
"chr7",26191539,26194194,2656,"-",-0.754531883509554,0.00565381896562099,"3' UTR",7,26189666,26200142,10477,2,"3181","ENST00000678075.1",8603,"ENSG00000122566","HNRNPA2B1","heterogeneous nuclear ribonucleoprotein A2/B1","sense"
"chr14",50306165,50306864,700,"-",-0.879032852483211,0.00601129929918383,"Intron (ENST00000261699.8/79944, intron 1 of 9)",14,50302017,50312147,10131,2,"79944","ENST00000556393.1",5982,"ENSG00000087299","L2HGDH","L-2-hydroxyglutarate dehydrogenase","sense"
"chr4",126537259,126540576,3318,"-",-1.01143889205675,0.00612039357393153,"Intron (ENST00000661809.1/124900777, intron 2 of 6)",4,126431815,126488278,56464,2,"124900777","ENST00000826912.1",-52298,NA,"LOC124900777","uncharacterized LOC124900777","sense"
"chr6",42956486,42956753,268,"-",-1.01369181418594,0.00612039357393153,"Exon (ENST00000326586.6/ENST00000326586.6, exon 1 of 1)",6,42960754,42963880,3127,1,"27232","ENST00000372808.4",-4268,"ENSG00000124713","GNMT","glycine N-methyltransferase","antisense"
"chrX",75743466,75746776,3311,"-",-0.911930559588969,0.00720084563581587,"Exon (ENST00000399586.2/286495, exon 1 of 1)",23,75740831,75746911,6081,2,"286495","ENST00000399586.2",3445,NA,"TTC3P1","tetratricopeptide repeat domain 3 pseudogene 1","sense"
"chr18",59328061,59330927,2867,"-",-0.958340258338499,0.00728550238613456,"3' UTR",18,59330776,59331639,864,2,"3998","ENST00000592562.1",3578,"ENSG00000074695","LMAN1","lectin, mannose binding 1","sense"
"chr3",4237989,4240307,2319,"-",-0.688740262522306,0.00735374217999235,"Intron (ENST00000448413.5/285362, intron 8 of 12)",3,4278796,4303270,24475,2,"285362","ENST00000720303.1",65281,"ENSG00000144455","SUMF1","sulfatase modifying factor 1","sense"
"chr10",5764395,5766578,2184,"-",-0.897293440838252,0.00738982707273913,"3' UTR",10,5765229,5769389,4161,2,"2665","ENST00000479928.1",4994,"ENSG00000057608","GDI2","GDP dissociation inhibitor 2","sense"
"chr12",56638185,56638412,228,"-",-0.937227640763994,0.00766706748411693,"3' UTR",12,56638280,56639418,1139,2,"506","ENST00000551182.1",1233,"ENSG00000110955","ATP5F1B","ATP synthase F1 subunit beta","sense"
"chr7",92604661,92611012,6352,"-",-0.82144738216937,0.00821527776684936,"3' UTR",7,92614714,92618277,3564,2,"1021","ENST00000467166.1",13616,"ENSG00000105810","CDK6","cyclin dependent kinase 6","sense"
"chr5",143398979,143401105,2127,"-",-0.975480384568084,0.00856245207444214,"Promoter",5,143279567,143400852,121286,2,"2908","ENST00000424646.6",0,"ENSG00000113580","NR3C1","nuclear receptor subfamily 3 group C member 1","sense"
"chr7",135926464,135930029,3566,"-",-0.784175352123136,0.00956019241543513,"3' UTR",7,135929459,135977353,47895,2,"136319","ENST00000435723.1",50889,"ENSG00000105887","MTPN","myotrophin","sense"
"chr5",76173494,76174225,732,"-",-0.89669038310683,0.00956146001778053,"Exon (ENST00000506621.3/ENST00000506621.3, exon 1 of 1)",5,76081414,76084186,2773,2,"105379041","ENST00000503652.2",-90039,NA,"SV2C-AS1","SV2C antisense RNA 1","sense"
"chr17",49424292,49424927,636,"-",-0.955353576589047,0.00991228073037867,"Exon (ENST00000422816.1/ENST00000422816.1, exon 1 of 1)",17,49404049,49414905,10857,2,"5245","ENST00000696365.1",-10022,"ENSG00000167085","PHB1","prohibitin 1","sense"
"chrX",73840663,73852673,12011,"-",-0.664623642371517,0.0102572861825976,"Promoter",23,73820649,73843533,22885,2,"7503","ENST00000669898.1",0,"ENSG00000229807","XIST","X inactive specific transcript","sense"
"chr3",121693741,121698811,5071,"-",-0.643201943136401,0.0105128172668405,"Promoter",3,121690424,121694426,4003,2,"2804","ENST00000695039.1",0,"ENSG00000173230","GOLGB1","golgin B1","sense"
"chr5",150710849,150711275,427,"-",-0.946259722126027,0.0106499332722173,"3' UTR",5,150696595,150701077,4483,2,"55696","ENST00000521248.5",-10198,"ENSG00000086589","RBM22","RNA binding motif protein 22","sense"
"chr1",156009076,156009625,550,"-",-0.822640177050479,0.0106844664926585,"3' UTR",1,156009049,156013040,3992,2,"6746","ENST00000472467.1",3964,"ENSG00000163479","SSR2","signal sequence receptor subunit 2","sense"
"chr1",197100623,197105109,4487,"-",-0.843102271400746,0.01101371322643,"3' UTR",1,197084121,197129974,45854,2,"259266","ENST00000367408.6",29351,"ENSG00000066279","ASPM","assembly factor for spindle microtubules","sense"
"chr6",39958370,39958705,336,"-",-0.942210499570475,0.0112223333287544,"Exon (ENST00000325612.5/ENST00000325612.5, exon 1 of 1)",6,39961471,40000610,39140,1,"102723789","ENST00000741548.1",-3101,"ENSG00000293066","LOC102723789","uncharacterized LOC102723789","antisense"
"chr14",44120255,44120830,576,"-",-0.849230759942804,0.0115514651990999,"Exon (ENST00000555080.1/ENST00000555080.1, exon 1 of 1)",14,43995781,44384545,388765,2,"105370471","ENST00000553827.1",264290,"ENSG00000258969","LINC02307","long intergenic non-protein coding RNA 2307","sense"
"chr1",219987151,219987390,240,"-",-0.930726096572604,0.012301174114219,"Exon (ENST00000366923.8/2058, exon 20 of 32)",1,219982510,219984258,1749,2,"2058","ENST00000485821.1",-3132,"ENSG00000136628","EPRS1","glutamyl-prolyl-tRNA synthetase 1","sense"
"chr8",60441420,60443980,2561,"-",-0.80775238093914,0.012864284056091,"Intron (ENST00000530725.6/105375864, intron 2 of 9)",8,60404679,60413930,9252,2,"100505532","ENST00000531654.1",-30050,NA,"LINC01301","long intergenic non-protein coding RNA 1301","sense"
"chr15",55205341,55205666,326,"-",-0.877182672830108,0.0137565753234129,"3' UTR",15,55190975,55197049,6075,2,"51187","ENST00000564344.5",-8617,"ENSG00000137876","RSL24D1","ribosomal L24 domain containing 1","sense"
"chrX",123299542,123301377,1836,"-",-0.716568526176058,0.0142117225802069,"Intron (ENST00000620443.2/2892, intron 3 of 15)",23,123354909,123361323,6415,1,"2892","ENST00000477389.1",-55367,"ENSG00000125675","GRIA3","glutamate ionotropic receptor AMPA type subunit 3","antisense"
"chr15",89201112,89201797,686,"-",-0.8498955631835,0.0144450788580691,"3' UTR",15,89210002,89211843,1842,2,"6017","ENST00000563254.1",10731,"ENSG00000140522","RLBP1","retinaldehyde binding protein 1","sense"
"chr3",47119700,47122410,2711,"-",-0.733736316087643,0.0146814090859187,"Promoter",3,47016428,47121651,105224,2,"29072","ENST00000686876.1",0,"ENSG00000181555","SETD2","SET domain containing 2, histone lysine methyltransferase","sense"
"chr5",138506118,138508375,2258,"-",-0.815956418186629,0.015589868693916,"3' UTR",5,138512699,138517641,4943,2,"2107","ENST00000503183.1",11523,"ENSG00000120705","ETF1","eukaryotic translation termination factor 1","sense"
"chr12",91397276,91399802,2527,"-",-0.895752626825152,0.016016902347476,"Exon (ENST00000685093.1/105369896, exon 3 of 10)",12,91362196,91368606,6411,1,"105369897","ENST00000551571.1",37606,"ENSG00000258100","LINC02823","long intergenic non-protein coding RNA 2823","antisense"
"chr3",178757054,178757231,178,"-",-0.859886480005204,0.0160423531630817,"Exon (ENST00000437488.5/104797538, exon 3 of 8)",3,178748988,178801936,52949,2,"104797538","ENST00000421498.1",44882,NA,"KCNMB2-AS1","KCNMB2 antisense RNA 1","sense"
"chrX",6972034,6972710,677,"-",-0.88977668756444,0.0162609017301566,"Intron (ENST00000655425.1/8226, intron 3 of 3)",23,6768834,6932954,164121,2,"8226","ENST00000750531.1",-39756,"ENSG00000130021","PUDP","pseudouridine 5'-phosphatase","sense"
"chr9",19376099,19377132,1034,"-",-0.839515953057957,0.0167351713225622,"Promoter",9,19376255,19376839,585,2,"6194","ENST00000498815.1",0,"ENSG00000137154","RPS6","ribosomal protein S6","sense"
"chr11",88220913,88223228,2316,"-",-0.795707463889179,0.0167603440766413,"Distal Intergenic",11,88176502,88176593,92,1,"100423040","ENST00000577344.1",46726,"ENSG00000266581","MIR3166","microRNA 3166","antisense"
"chr14",49618698,49619118,421,"-",-0.839511991375437,0.0188232747485479,"5' UTR",14,49618530,49620626,2097,2,"6166","ENST00000298289.7",1928,"ENSG00000165502","RPL36AL","ribosomal protein L36a like","sense"
"chr7",119756473,119760619,4147,"-",-0.799118506010913,0.0188303898649678,"Intron (ENST00000660268.1/105375475, intron 3 of 5)",7,119838717,119907375,68659,2,"105375475","ENST00000804426.1",150902,"ENSG00000225546","LINC02476","long intergenic non-protein coding RNA 2476","sense"
"chr2",61872078,61872320,243,"-",-0.81776948051391,0.0200583235927787,"Exon (ENST00000394440.8/10575, exon 12 of 14)",2,61868430,61877026,8597,2,"10575","ENST00000461540.2",4948,"ENSG00000115484","CCT4","chaperonin containing TCP1 subunit 4","sense"
"chr1",44122110,44122558,449,"-",-0.723489595546804,0.0207691808143607,"Exon (ENST00000402743.2/ENST00000402743.2, exon 1 of 1)",1,44118870,44130716,11847,1,"128209","ENST00000476802.1",3688,"ENSG00000171872","KLF17","KLF transcription factor 17","antisense"
"chr2",197400070,197402795,2726,"-",-0.837654307442452,0.020981269431868,"Promoter",2,197402022,197402452,431,2,"23451","ENST00000462613.1",0,"ENSG00000115524","SF3B1","splicing factor 3b subunit 1","sense"
"chr1",120175490,120176506,1017,"-",-0.854387514908229,0.0221700961331692,"5' UTR",1,120150898,120176520,25623,2,"9554","ENST00000578049.4",1030,"ENSG00000265808","SEC22B","SEC22 homolog B, vesicle trafficking protein","sense"
"chr11",74891830,74892649,820,"-",-0.746367238442109,0.0224584512921899,"Intron (ENST00000533875.1/ENST00000533875.1, intron 2 of 4)",11,74850870,74906352,55483,2,"143570","ENST00000529926.1",14522,"ENSG00000166435","XRRA1","X-ray radiation resistance associated 1","sense"
"chr21",14964915,14968250,3336,"-",-0.828866132982124,0.0224584512921899,"5' UTR",21,14967996,15002368,34373,2,"8204","ENST00000411932.1",37453,"ENSG00000180530","NRIP1","nuclear receptor interacting protein 1","sense"
"chr17",1364317,1365026,710,"-",-0.743528655242333,0.0234055626907789,"Exon (ENST00000264335.13/7531, exon 2 of 6)",17,1344539,1365058,20520,2,"7531","ENST00000466227.6",741,"ENSG00000108953","YWHAE","tyrosine 3-monooxygenase/tryptophan 5-monooxygenase activation protein epsilon","sense"
"chr16",72535679,72535992,314,"-",-0.826460132509429,0.0241751248200233,"Intron (ENST00000624829.4/101927957, intron 4 of 13)",16,72426979,72476407,49429,2,"101927957","ENST00000766102.1",-59585,"ENSG00000261008","LINC01572","long intergenic non-protein coding RNA 1572","sense"
"chr8",60937678,60938773,1096,"-",-0.629352876923568,0.0244540139890655,"Exon (ENST00000529239.1/ENST00000529239.1, exon 1 of 1)",8,60922970,60966576,43607,1,"157807","ENST00000829357.1",15803,"ENSG00000177182","CLVS1","clavesin 1","antisense"
"chr1",96678973,96679577,605,"-",-0.719888628660404,0.0248751911803814,"Exon (ENST00000468715.1/ENST00000468715.1, exon 1 of 1)",1,96721665,96813711,92047,1,"58155","ENST00000482253.5",-42692,"ENSG00000117569","PTBP2","polypyrimidine tract binding protein 2","antisense"
"chr7",73477003,73478427,1425,"-",-0.621420867810888,0.0249049300361224,"Exon (ENST00000339594.9/9031, exon 7 of 20)",7,73462464,73466387,3924,2,"9031","ENST00000466844.1",-12040,"ENSG00000009954","BAZ1B","bromodomain adjacent to zinc finger domain 1B","sense"
"chr15",84669630,84670048,419,"-",-0.833154856717718,0.0249701314340285,"3' UTR",15,84669546,84673826,4281,2,"23478","ENST00000558924.1",4196,"ENSG00000140612","SEC11A","SEC11 homolog A, signal peptidase complex subunit","sense"
"chr21",39196197,39197234,1038,"-",-0.83411512473016,0.0255227841706865,"3' UTR",21,39199419,39200496,1078,2,"54014","ENST00000491564.1",4299,"ENSG00000185658","BRWD1","bromodomain and WD repeat domain containing 1","sense"
"chr6",27230408,27230635,228,"-",-0.803222206681955,0.025873997387039,"Distal Intergenic",6,27247701,27256620,8920,1,"10279","ENST00000230582.8",-17293,"ENSG00000112812","PRSS16","serine protease 16","antisense"
"chr4",82359464,82359804,341,"-",-0.831989195158912,0.0259150063917318,"Promoter",4,82353834,82359639,5806,2,"3184","ENST00000514671.5",0,"ENSG00000138668","HNRNPD","heterogeneous nuclear ribonucleoprotein D","sense"
"chr1",114704618,114708655,4038,"-",-0.725709860373923,0.0261820047843228,"3' UTR",1,114704469,114716771,12303,2,"4893","ENST00000369535.5",12153,"ENSG00000213281","NRAS","NRAS proto-oncogene, GTPase","sense"
"chr2",177230805,177231895,1091,"-",-0.754149597250469,0.0271590789975977,"3' UTR",2,177222525,177234271,11747,2,"4780","ENST00000699327.1",3466,"ENSG00000116044","NFE2L2","NFE2 like bZIP transcription factor 2","sense"
"chr13",32535949,32536883,935,"-",-0.823217008400955,0.0276879342054851,"Exon (ENST00000446957.6/10443, exon 1 of 9)",13,32517875,32535869,17995,2,"10443","ENST00000475731.1",-1014,"ENSG00000244754","N4BP2L2","NEDD4 binding protein 2 like 2","sense"
"chr9",112218672,112224193,5522,"-",-0.662282649519277,0.0277977739947147,"3' UTR",9,112218604,112227471,8868,2,"9991","ENST00000850867.1",8799,"ENSG00000119314","PTBP3","polypyrimidine tract binding protein 3","sense"
"chr4",10442807,10446533,3727,"-",-0.759276867189892,0.0279070192482028,"5' UTR",4,10450887,10457176,6290,2,"85460","ENST00000500268.6",14369,"ENSG00000178163","ZNF518B","zinc finger protein 518B","sense"
"chr2",112755976,112757130,1155,"-",-0.817806168289486,0.0281600587872351,"Promoter",2,112742431,112756074,13644,2,"150468","ENST00000474331.1",0,"ENSG00000169607","CKAP2L","cytoskeleton associated protein 2 like","sense"
"chr7",119703375,119706825,3451,"-",-0.765328040916173,0.0282059112528915,"Exon (ENST00000431071.5/105375475, exon 3 of 3)",7,119838717,119907375,68659,2,"105375475","ENST00000804426.1",204000,"ENSG00000225546","LINC02476","long intergenic non-protein coding RNA 2476","sense"
"chr6",41986112,41986294,183,"-",-0.684465075933189,0.0298182568322738,"Intron (ENST00000616010.4/896, intron 2 of 4)",6,41997298,41997997,700,1,"105375059","ENST00000767920.1",-11186,NA,"LOC105375059","uncharacterized LOC105375059","antisense"
"chr12",92080928,92081390,463,"-",-0.703260416794662,0.0301615294371705,"Intron (ENST00000775687.1/ENST00000775687.1, intron 2 of 4)",12,91987986,92061972,73987,2,"256021","ENST00000689659.2",-19418,"ENSG00000257242","LINC01619","long intergenic non-protein coding RNA 1619","sense"
"chr2",70296123,70297385,1263,"-",-0.798281562472278,0.0308483756516645,"3' UTR",2,70293829,70295393,1565,1,"124906023","ENST00000787946.1",3556,NA,"LOC124906023","uncharacterized LOC124906023","antisense"
"chr4",6707727,6709807,2081,"-",-0.618359339110659,0.0310565340285014,"5' UTR",4,6707701,6709865,2165,2,"114932","ENST00000320848.7",2138,"ENSG00000178988","MRFAP1L1","Morf4 family associated protein 1 like 1","sense"
"chr1",182382318,182384734,2417,"-",-0.534067761254278,0.0311378967256204,"3' UTR",1,182384415,182385939,1525,2,"2752","ENST00000461447.1",3621,"ENSG00000135821","GLUL","glutamate-ammonia ligase","sense"
"chrX",73820698,73827812,7115,"-",-0.492821782156679,0.0316457235035347,"Promoter",23,73820653,73826889,6237,2,"7503","ENST00000416330.2",0,"ENSG00000229807","XIST","X inactive specific transcript","sense"
"chrX",64276068,64278132,2065,"-",-0.701916158867746,0.0319860498035129,"Intron (ENST00000747759.1/112268307, intron 3 of 4)",23,64224194,64230607,6414,2,"142689","ENST00000362002.3",-47525,"ENSG00000198881","ASB12","ankyrin repeat and SOCS box containing 12","sense"
"chr2",61347951,61348464,514,"-",-0.80070127432219,0.0322734035216699,"Promoter",2,61339575,61348028,8454,2,"9736","ENST00000460004.1",0,"ENSG00000115464","USP34","ubiquitin specific peptidase 34","sense"
"chr6",27451271,27453230,1960,"-",-0.799736618929282,0.0323202033892431,"3' UTR",6,27450820,27472681,21862,2,"7738","ENST00000377419.1",21410,"ENSG00000096654","ZNF184","zinc finger protein 184","sense"
"chrX",119837106,119838527,1422,"-",-0.697887849192034,0.0324246385205303,"Exon (ENST00000276201.7/65109, exon 9 of 11)",23,119838266,119845254,6989,2,"65109","ENST00000478840.1",8148,"ENSG00000125351","UPF3B","UPF3B regulator of nonsense mediated mRNA decay","sense"
"chr4",82358655,82358815,161,"-",-0.797555953411489,0.032783725585614,"Promoter",4,82353829,82358842,5014,2,"3184","ENST00000514325.1",187,"ENSG00000138668","HNRNPD","heterogeneous nuclear ribonucleoprotein D","sense"
"chr4",78181323,78181892,570,"-",-0.686482726987425,0.0333443344127315,"Exon (ENST00000510079.2/ENST00000510079.2, exon 1 of 1)",4,78267239,78319653,52415,1,"80144","ENST00000682583.1",-85916,"ENSG00000138759","FRAS1","Fraser extracellular matrix complex subunit 1","antisense"
"chr16",56429652,56432663,3012,"-",-0.702404860971933,0.0347347463147968,"3' UTR",16,56434327,56435212,886,2,"11051","ENST00000563860.1",5560,"ENSG00000167005","NUDT21","nudix hydrolase 21","sense"
"chr10",119590459,119590682,224,"-",-0.7242674070808,0.0353961892655088,"Intron (ENST00000369093.6/7073, intron 1 of 11)",10,119578767,119588357,9591,2,"7073","ENST00000412524.5",-2325,"ENSG00000151923","TIAL1","TIA1 cytotoxic granule associated RNA binding protein like 1","sense"
"chr11",10799014,10802771,3758,"-",-0.608539711674837,0.0354890116159594,"Promoter",11,10797712,10802346,4635,2,"1982","ENST00000532120.1",0,"ENSG00000110321","EIF4G2","eukaryotic translation initiation factor 4 gamma 2","sense"
"chr6",99400576,99401597,1022,"-",-0.689164983157633,0.0365152353953994,"3' UTR",6,99401460,99404546,3087,2,"25957","ENST00000460600.1",3970,"ENSG00000132424","PNISR","PNN interacting serine and arginine rich protein","sense"
"chrX",24788594,24789090,497,"-",-0.760473943256535,0.0373483985846609,"Exon (ENST00000447718.1/ENST00000447718.1, exon 1 of 1)",23,24809275,24996954,187680,1,"5422","ENST00000679301.1",-20681,"ENSG00000101868","POLA1","DNA polymerase alpha 1, catalytic subunit","antisense"
"chr22",42107837,42109009,1173,"-",-0.740495420639229,0.0375200514416467,"Exon (ENST00000396387.2/ENST00000396387.2, exon 1 of 1)",22,42118256,42124899,6644,1,"100132273","ENST00000610250.5",-10419,"ENSG00000237037","NDUFA6-DT","NDUFA6 divergent transcript","antisense"
"chr14",90643182,90643836,655,"-",-0.669235607415479,0.0375635272945259,"Intron (ENST00000553826.2/101928909, intron 1 of 1)",14,90540642,90644208,103567,2,"145567","ENST00000553972.5",1026,"ENSG00000165914","TTC7B","tetratricopeptide repeat domain 7B","sense"
"chr2",174348439,174348972,534,"-",-0.752456284698605,0.0376084333746211,"3' UTR",2,174349135,174351963,2829,2,"9541","ENST00000464393.1",3524,"ENSG00000138433","CIRSR","corepressor of RBPJ and splicing regulator","sense"
"chr18",68277887,68278224,338,"-",-0.77303007123064,0.0385044308988581,"Exon (ENST00000567372.1/ENST00000567372.1, exon 1 of 1)",18,68258079,68264837,6759,2,"105372175","ENST00000801707.1",-13387,NA,"LINC01912","long intergenic non-protein coding RNA 1912","sense"
"chr7",30496696,30497165,470,"-",-0.765727104453743,0.0393416697233804,"3' UTR",7,30496784,30500680,3897,2,"79017","ENST00000426081.5",3984,"ENSG00000006625","GGCT","gamma-glutamylcyclotransferase","sense"
"chr3",25612511,25612722,212,"-",-0.768564569158285,0.0394961268785647,"Promoter",3,25598036,25612791,14756,2,"7155","ENST00000699042.1",280,"ENSG00000077097","TOP2B","DNA topoisomerase II beta","sense"
"chr3",129436446,129437919,1474,"-",-0.767149056225624,0.0402239327574478,"Exon (ENST00000429544.7/8930, exon 2 of 8)",3,129431455,129439927,8473,2,"8930","ENST00000509828.1",3481,"ENSG00000129071","MBD4","methyl-CpG binding domain 4, DNA glycosylase","sense"
"chr1",112917229,112917989,761,"-",-0.739226757960103,0.0403729006712179,"Exon (ENST00000443580.6/6566, exon 4 of 5)",1,112918018,112922392,4375,2,"6566","ENST00000481750.1",5163,"ENSG00000155380","SLC16A1","solute carrier family 16 member 1","sense"
"chr15",87329866,87331389,1524,"-",-0.573116772028255,0.0420783588411876,"Intron (ENST00000785490.1/102724465, intron 3 of 4)",15,87309680,87356536,46857,2,"102724465","ENST00000785518.1",26670,NA,"LOC102724465","uncharacterized LOC102724465","sense"
"chr10",32919868,32920936,1069,"-",-0.743082453937945,0.0422454361195382,"3' UTR",10,32901564,32912064,10501,2,"3688","ENST00000494395.1",-8872,"ENSG00000150093","ITGB1","integrin subunit beta 1","sense"
"chr6",121095606,121096255,650,"-",-0.599740907825391,0.0429457154661658,"Exon (ENST00000368464.7/221322, exon 5 of 5)",6,121080859,121106170,25312,2,"221322","ENST00000519972.1",10564,"ENSG00000146350","TBC1D32","TBC1 domain family member 32","sense"
"chr3",177024690,177025480,791,"-",-0.752950666095497,0.043390235244299,"3' UTR",3,177025985,177026415,431,2,"79718","ENST00000638074.1",1725,"ENSG00000177565","TBL1XR1","TBL1X/Y related 1","sense"
"chr8",129558311,129562341,4031,"-",-0.732769664202088,0.0435918054495117,"Intron (ENST00000675388.1/137196, intron 1 of 8)",8,129351693,129557239,205547,2,"137196","ENST00000675183.1",-5102,"ENSG00000229140","CCDC26","CCDC26 long non-coding RNA","sense"
"chr10",36522835,36524195,1361,"-",-0.715233969169069,0.0442587171231379,"Exon (ENST00000440465.1/ENST00000440465.1, exon 1 of 1)",10,36438661,36438788,128,1,"124900298","ENST00000390846.1",85534,"ENSG00000274458","LOC124900298","small nucleolar RNA SNORA40","antisense"
"chr10",91807109,91807516,408,"-",-0.752841118570753,0.0445871100413178,"Exon (ENST00000445874.1/ENST00000445874.1, exon 1 of 1)",10,91782768,91798479,15712,2,"100507633","ENST00000668345.3",-9037,"ENSG00000228701","TNKS2-DT","TNKS2 divergent transcript","sense"
"chr3",171448924,171449377,454,"-",-0.638734903415288,0.0448245836599788,"Intron (ENST00000436636.7/23043, intron 1 of 32)",3,171459230,171469702,10473,1,"102724479","ENST00000657847.2",-10306,"ENSG00000240497","LOC102724479","uncharacterized LOC102724479","antisense"
"chr17",29021268,29021591,324,"-",-0.749407102195896,0.0456464383167619,"Exon (ENST00000580924.1/ENST00000580924.1, exon 1 of 1)",17,29015342,29016512,1171,1,"105371716","ENST00000426489.1",6249,NA,"LOC105371716","uncharacterized LOC105371716","antisense"
"chrX",135962333,135964598,2266,"-",-0.7357812799798,0.0456464383167619,"3' UTR",23,135963173,135973684,10512,2,"93380","ENST00000681201.1",11351,"ENSG00000169446","MMGT1","membrane magnesium transporter 1","sense"
"chr8",56073063,56073271,209,"-",-0.707426800795968,0.045707600159156,"3' UTR",8,56073835,56073901,67,2,"26795","ENST00000459159.1",838,"ENSG00000238650","SNORD54","small nucleolar RNA, C/D box 54","sense"
"chr1",145991781,145996561,4781,"-",-0.544887954310062,0.0458502643375601,"Promoter",1,145993521,145995254,1734,2,"10628","ENST00000488537.1",0,"ENSG00000265972","TXNIP","thioredoxin interacting protein","sense"
"chr4",13421841,13422853,1013,"-",-0.626162018638638,0.0463436474817202,"Intron (ENST00000511649.5/9364, intron 2 of 5)",4,13368501,13381594,13094,2,"9364","ENST00000504644.1",-41259,"ENSG00000157869","RAB28","RAB28, member RAS oncogene family","sense"
"chr7",92611643,92615259,3617,"-",-0.684186290259544,0.0469174437330478,"3' UTR",7,92614714,92618277,3564,2,"1021","ENST00000467166.1",6634,"ENSG00000105810","CDK6","cyclin dependent kinase 6","sense"
"chr11",5503807,5505608,1802,"-",-0.709899236007532,0.0476654475040175,"Promoter",11,5268345,5505604,237260,2,"3046","ENST00000380237.5",0,"ENSG00000213931","HBE1","hemoglobin subunit epsilon 1","sense"
"chr11",59806230,59806779,550,"-",-0.700542492917041,0.0482626877409469,"3' UTR",11,59807236,59810022,2787,2,"54948","ENST00000525470.1",3792,"ENSG00000166902","MRPL16","mitochondrial ribosomal protein L16","sense"
"chr1",186342791,186344578,1788,"-",-0.72237627195826,0.0483499557705417,"Promoter",1,186338187,186344090,5904,2,"7175","ENST00000481347.1",0,"ENSG00000047410","TPR","translocated promoter region, nuclear basket protein","sense"
"chr2",161503107,161507625,4519,"-",-0.684719883509781,0.0497046450293229,"Exon (ENST00000420969.1/285116, exon 1 of 1)",2,161500885,161507705,6821,2,"285116","ENST00000420969.1",4598,NA,"AHCTF1P1","AT-hook containing transcription factor 1 pseudogene 1","sense"
